problem_description,correct_answer,important_words
How to fix a '404 Not Found' error?,Check if the URL is correct or if the page has been moved.,404
How to fix a '404 Not Found' error?,Check if the URL is correct or if the page has been moved.,Not Found
How to fix a '404 Not Found' error?,Check if the URL is correct or if the page has been moved.,error
How to fix a '404 Not Found' error?,Ensure the server is running and the path is correct.,404
How to fix a '404 Not Found' error?,Ensure the server is running and the path is correct.,Not Found
How to fix a '404 Not Found' error?,Ensure the server is running and the path is correct.,error
How to fix a '404 Not Found' error?,Clear the browser cache and refresh.,404
How to fix a '404 Not Found' error?,Clear the browser cache and refresh.,Not Found
How to fix a '404 Not Found' error?,Clear the browser cache and refresh.,error
How to recover a lost password on Windows?,Use the password reset feature on the login screen.,recover
How to recover a lost password on Windows?,Use the password reset feature on the login screen.,lost
How to recover a lost password on Windows?,Use the password reset feature on the login screen.,password
How to recover a lost password on Windows?,Use the password reset feature on the login screen.,Windows
How to recover a lost password on Windows?,Follow the steps provided in the recovery email.,recover
How to recover a lost password on Windows?,Follow the steps provided in the recovery email.,lost
How to recover a lost password on Windows?,Follow the steps provided in the recovery email.,password
How to recover a lost password on Windows?,Follow the steps provided in the recovery email.,Windows
How to recover a lost password on Windows?,Use the Windows security questions if set up.,recover
How to recover a lost password on Windows?,Use the Windows security questions if set up.,lost
How to recover a lost password on Windows?,Use the Windows security questions if set up.,password
How to recover a lost password on Windows?,Use the Windows security questions if set up.,Windows
How to install Python on Linux?,"Use the package manager to install Python, e.g., `sudo apt-get install python3`.",install
How to install Python on Linux?,"Use the package manager to install Python, e.g., `sudo apt-get install python3`.",Python
How to install Python on Linux?,"Use the package manager to install Python, e.g., `sudo apt-get install python3`.",Linux
How to install Python on Linux?,Download and install from the official Python website.,install
How to install Python on Linux?,Download and install from the official Python website.,Python
How to install Python on Linux?,Download and install from the official Python website.,Linux
How to install Python on Linux?,Use `conda install python` if using Anaconda.,install
How to install Python on Linux?,Use `conda install python` if using Anaconda.,Python
How to install Python on Linux?,Use `conda install python` if using Anaconda.,Linux
How to set up a virtual environment in Python?,Use `venv` or `virtualenv` to create an isolated environment.,set up
How to set up a virtual environment in Python?,Use `venv` or `virtualenv` to create an isolated environment.,virtual environment
How to set up a virtual environment in Python?,Use `venv` or `virtualenv` to create an isolated environment.,Python
How to set up a virtual environment in Python?,Run `python -m venv myenv` to set up the environment.,set up
How to set up a virtual environment in Python?,Run `python -m venv myenv` to set up the environment.,virtual environment
How to set up a virtual environment in Python?,Run `python -m venv myenv` to set up the environment.,Python
How to set up a virtual environment in Python?,Activate the environment with `source myenv/bin/activate`.,set up
How to set up a virtual environment in Python?,Activate the environment with `source myenv/bin/activate`.,virtual environment
How to set up a virtual environment in Python?,Activate the environment with `source myenv/bin/activate`.,Python
How to resolve a 'Connection refused' error in a web server?,Check if the web server is running and if the firewall settings are correct.,resolve
How to resolve a 'Connection refused' error in a web server?,Check if the web server is running and if the firewall settings are correct.,Connection refused
How to resolve a 'Connection refused' error in a web server?,Check if the web server is running and if the firewall settings are correct.,web server
How to resolve a 'Connection refused' error in a web server?,Verify that the server is listening on the correct port.,resolve
How to resolve a 'Connection refused' error in a web server?,Verify that the server is listening on the correct port.,Connection refused
How to resolve a 'Connection refused' error in a web server?,Verify that the server is listening on the correct port.,web server
How to resolve a 'Connection refused' error in a web server?,Check server logs for errors.,resolve
How to resolve a 'Connection refused' error in a web server?,Check server logs for errors.,Connection refused
How to resolve a 'Connection refused' error in a web server?,Check server logs for errors.,web server
